Symbol,Series,Date,Prev Close,Open Price,High Price,Low Price,Last Price,Close Price,Average Price,Total Traded Quantity,Turnover in Lacs,No. of Trades,Deliverable Qty,% Dly Qt to Traded Qty
SBIN,EQ,9-Mar-15,293.8,292,294,288.7,290.35,290.65,291.21,13199803,38439.54,134400,4658626,35.29
SBIN,EQ,10-Mar-15,290.65,290.75,293.25,285.1,288.5,287.6,289.73,14064427,40749.21,143101,4503648,32.02
SBIN,EQ,11-Mar-15,287.6,288.55,290.9,283.75,285.45,285.15,286.56,16329314,46792.61,153093,6858711,42
SBIN,EQ,12-Mar-15,285.15,288.15,289.45,286.1,286.7,286.85,287.42,9969794,28655.1,125972,4144298,41.57
SBIN,EQ,13-Mar-15,286.85,290,291.05,280,281,280.75,284.64,13414248,38182.18,164812,5129356,38.24
SBIN,EQ,16-Mar-15,280.75,281.5,283.85,280,282.1,281.65,281.97,15132928,42670.01,124888,7323185,48.39
SBIN,EQ,17-Mar-15,281.65,283.9,284,279.5,283.5,283.1,282.06,11350496,32015.32,100856,4372430,38.52
SBIN,EQ,18-Mar-15,283.1,284.1,288.45,282,286.7,287.3,286.11,12394230,35461.17,131491,4841577,39.06
SBIN,EQ,19-Mar-15,287.3,290,290.3,280.6,281.2,281.6,285.73,11046649,31563.26,98953,4170136,37.75
SBIN,EQ,20-Mar-15,281.6,281.8,282.4,276.8,277.85,278.25,279.75,11482652,32122.79,168613,5099942,44.41
SBIN,EQ,23-Mar-15,278.25,279.4,280,273.55,274.6,274.75,276.74,13058026,36136.3,157505,5928243,45.4
SBIN,EQ,24-Mar-15,274.75,273.8,276.4,269,271.2,270.55,271.93,17585259,47819.98,169767,7495355,42.62
SBIN,EQ,25-Mar-15,270.55,271.9,272.1,265,265.3,265.4,267.77,15824629,42373.9,134616,7891591,49.87
SBIN,EQ,26-Mar-15,265.4,264.5,265.9,255.2,258.15,256.65,260.55,22253318,57981.3,177427,10671645,47.96
SBIN,EQ,27-Mar-15,256.65,259.85,264.95,256,264.2,263.6,260.53,19423101,50603.82,156218,6714633,34.57
SBIN,EQ,30-Mar-15,263.6,265.1,269.35,263.15,269,267.9,266.37,12303870,32774.43,123307,5862438,47.65
SBIN,EQ,31-Mar-15,267.9,268.9,271.35,266,266.2,267.05,268.59,19482636,52328.41,151165,10037535,51.52
SBIN,EQ,1-Apr-15,267.05,266.65,274.65,263.15,274.1,273.45,269.74,12383589,33402.95,118370,4991985,40.31
SBIN,EQ,6-Apr-15,273.45,275.45,275.75,271.2,274.1,274.65,273.69,12925445,35375.74,109410,6602178,51.08
SBIN,EQ,7-Apr-15,274.65,275.3,276.35,270.3,272,272.05,272.89,12933524,35294.23,135557,4880414,37.73
SBIN,EQ,8-Apr-15,272.05,271.9,277.35,271.85,273.45,273.9,274.1,9913899,27174.05,94381,3715372,37.48
SBIN,EQ,9-Apr-15,273.9,275,281.8,272.5,281,280.85,277.45,13471276,37375.39,129524,4404146,32.69
SBIN,EQ,10-Apr-15,280.85,281,287.35,280.05,285.85,285.75,284.99,16880558,48107.39,144919,8804477,52.16
SBIN,EQ,13-Apr-15,285.75,287.8,288.5,283.35,285.5,286.3,285.79,11985436,34253.02,108287,5525985,46.11
SBIN,EQ,15-Apr-15,286.3,287.4,294.45,285.95,290,290,290.52,17289500,50228.63,135175,10209503,59.05
SBIN,EQ,16-Apr-15,290,290.25,294.25,286.5,291.85,292.4,290.52,15043998,43705.68,110312,7669082,50.98
SBIN,EQ,17-Apr-15,292.4,291,294.9,289.2,292.5,291.75,292.12,16819018,49131.88,139387,9368199,55.7
SBIN,EQ,20-Apr-15,291.75,291,293.35,284.85,287.65,287.65,289.82,13788536,39962.27,99364,6538712,47.42
SBIN,EQ,21-Apr-15,287.65,287.4,292,281.75,289.2,289.2,287.32,15487948,44499.91,120134,6819087,44.03
SBIN,EQ,22-Apr-15,289.2,290.55,293.25,275.4,283.85,283.85,284.17,17741741,50416.55,129567,6897679,38.88
SBIN,EQ,23-Apr-15,283.85,285,287.4,276.25,277.6,277.65,280.46,13874710,38912.98,119054,4092008,29.49
SBIN,EQ,24-Apr-15,277.65,278.35,279.6,274.35,276.4,275.55,276.58,10049508,27794.83,101030,3843102,38.24
SBIN,EQ,27-Apr-15,275.55,276.55,276.55,266.1,267.1,267.05,269.28,12394191,33375.31,115732,6089545,49.13
SBIN,EQ,28-Apr-15,267.05,267,273.5,265.15,272.45,272.5,269.63,12693457,34224.88,114365,5204537,41
SBIN,EQ,29-Apr-15,272.5,272.25,273.4,269.55,271.95,271.9,271.58,8217676,22317.7,80692,3268443,39.77
SBIN,EQ,30-Apr-15,271.9,270.1,273.45,266.7,269.7,269.75,270.43,21635216,58508.84,124844,13503285,62.41
SBIN,EQ,4-May-15,269.75,274,278,271.65,277.6,277.15,274.64,8012690,22006.07,83806,2884415,36
SBIN,EQ,5-May-15,277.15,277,277,271.35,272.5,272.05,273.71,7102772,19440.9,69508,2986205,42.04
SBIN,EQ,6-May-15,272.05,271.45,273.6,263.25,265.9,265.4,266.22,16335660,43488.7,121003,7986014,48.89
SBIN,EQ,7-May-15,265.4,264,267.25,259.65,261,260.95,263.09,15962706,41995.61,124184,6948574,43.53
SBIN,EQ,8-May-15,260.95,264,268,260.3,262.4,261.95,264.33,14044596,37124.29,111263,5783395,41.18
SBIN,EQ,11-May-15,261.95,263.4,277.2,262.6,275.5,276.05,272.4,17198308,46848.08,141017,5864911,34.1
SBIN,EQ,12-May-15,276.05,275.3,275.4,266.35,267.55,267.4,269.51,12792368,34476.81,103059,5950523,46.52
SBIN,EQ,13-May-15,267.4,269.9,275,268.05,274.4,274.3,272.22,9245732,25168.67,83160,2519236,27.25
SBIN,EQ,14-May-15,274.3,274,281.9,272.95,281.5,280.95,277.93,13101418,36412.35,112878,4432599,33.83
SBIN,EQ,15-May-15,280.95,282,288.35,282,287,287.45,286.14,18247889,52214.14,141324,9822825,53.83
SBIN,EQ,18-May-15,287.45,289.9,290,285.4,289.65,289.75,288.06,13266119,38213.86,119821,6966214,52.51
SBIN,EQ,19-May-15,289.75,289.2,291.35,286.2,288,288.45,288.97,14541041,42019,98858,7541029,51.86
SBIN,EQ,20-May-15,288.45,289.5,294.8,289.25,292.3,292.6,292.81,11807544,34573.65,101134,4909279,41.58
SBIN,EQ,21-May-15,292.6,294,294.75,288.45,291.5,290.25,290.62,12118415,35218.44,120083,5299090,43.73
SBIN,EQ,22-May-15,290.25,293,305,280.75,281.9,282.45,294.15,69490117,204401.89,554871,14996458,21.58
SBIN,EQ,25-May-15,282.45,280.2,284.3,276.15,277.2,277.65,280.1,20356833,57020.48,185745,6409730,31.49
SBIN,EQ,26-May-15,277.65,279,280.8,276,277.6,277.15,278.15,9675703,26912.99,102163,2738446,28.3
SBIN,EQ,27-May-15,277.15,277,281.6,274.2,281.2,280.75,278.78,12176680,33945.62,105485,4844746,39.79
SBIN,EQ,28-May-15,280.75,279.8,279.8,276.1,278.3,277.6,277.89,13024987,36194.7,92415,6376048,48.95
SBIN,EQ,29-May-15,277.6,278.65,281.65,277.1,278.6,278.15,278.99,14809918,41318.91,102642,8030292,54.22
SBIN,EQ,1-Jun-15,278.15,278.65,282,277.55,278.2,278.2,279.63,11567692,32346.87,103433,5711324,49.37
SBIN,EQ,2-Jun-15,278.2,278.8,279.45,265.35,266.5,266.25,271.93,21653784,58884.06,205264,7275006,33.6
SBIN,EQ,3-Jun-15,266.25,267,267.3,255.05,258.25,257.4,259.44,25967877,67371.82,242044,13002088,50.07
SBIN,EQ,4-Jun-15,257.4,259.9,261.4,253.75,257.7,257.6,257.36,20210546,52013.74,151143,8787871,43.48
SBIN,EQ,5-Jun-15,257.6,257,262,255.6,257.4,257.8,259.24,13539638,35099.62,124006,4314959,31.87
SBIN,EQ,8-Jun-15,257.8,258.75,258.75,252.55,254.85,254.95,254.73,17384700,44283.64,113334,9921362,57.07
SBIN,EQ,9-Jun-15,254.95,255,258.3,254,258,257.6,256.02,15275972,39110.22,117016,7188867,47.06
SBIN,EQ,10-Jun-15,257.6,259,262.55,258.5,260.65,260.6,260.97,10910978,28474.35,88519,4351167,39.88
SBIN,EQ,11-Jun-15,260.6,262.25,262.95,252.65,254.1,254,255.89,20857622,53371.67,139105,10202245,48.91
SBIN,EQ,12-Jun-15,254,254.05,255.5,251.8,254.45,253.95,253.75,11440479,29030.41,89672,4605208,40.25
SBIN,EQ,15-Jun-15,253.95,255,255.6,248.85,249.65,250.25,251.45,13545280,34059.75,113461,5502753,40.62
SBIN,EQ,16-Jun-15,250.25,250.25,255.75,249,255.35,254.6,252.01,9896598,24940.08,105299,3596184,36.34
SBIN,EQ,17-Jun-15,254.6,256,256.9,253.5,255.35,255.1,255.43,11241061,28713,92549,5161551,45.92
SBIN,EQ,18-Jun-15,255.1,256.45,260.7,255.2,258.15,258.1,258.18,11598549,29945.01,87436,4891999,42.18
SBIN,EQ,19-Jun-15,258.1,259.9,263.1,258.15,260.3,260.15,260.38,12216399,31809.53,97113,5205883,42.61
SBIN,EQ,22-Jun-15,260.15,260.9,267.4,260.8,266.5,266,264.95,11051382,29280.52,115204,3468787,31.39
SBIN,EQ,23-Jun-15,266,269.4,271.2,266.25,267.3,267.75,268.64,16180083,43465.65,120863,7106508,43.92
SBIN,EQ,24-Jun-15,267.75,267.7,267.9,260.5,261.2,262.35,265.18,8361760,22173.65,75339,2655222,31.75
SBIN,EQ,25-Jun-15,262.35,261.25,266,259.05,265,264.8,263.6,16506503,43510.39,100903,8298462,50.27
SBIN,EQ,26-Jun-15,264.8,264.1,266.9,261.05,265.4,265.2,263.71,14588452,38471.06,98899,8497919,58.25
SBIN,EQ,29-Jun-15,265.2,258.75,260.8,255,260.3,259.65,257.54,15040805,38736.5,105813,7262781,48.29
SBIN,EQ,30-Jun-15,259.65,259.25,263.35,257.6,263,262.75,261.01,14181965,37016.96,85628,6736393,47.5
SBIN,EQ,1-Jul-15,262.75,263.1,269.5,262.55,267.6,267.75,266.63,12072024,32187.93,91610,3342760,27.69
SBIN,EQ,2-Jul-15,267.75,267.9,271.25,266.1,268.1,267.85,268.59,8741783,23479.19,84937,2653914,30.36
SBIN,EQ,3-Jul-15,267.85,267.35,270,266.8,269.45,269.4,268.55,7238541,19438.98,59501,2101416,29.03
SBIN,EQ,6-Jul-15,269.4,263.2,271.5,262,271.45,270.8,266.67,9458200,25222.13,75916,2406764,25.45
SBIN,EQ,7-Jul-15,270.8,270.4,274.65,270,273.8,272.9,272.6,12523410,34138.44,106296,6386313,50.99
SBIN,EQ,8-Jul-15,272.9,269.9,271,265.6,266.7,267.35,268.16,12669850,33975.79,85347,4992880,39.41
SBIN,EQ,9-Jul-15,267.35,267,271.3,267,268,267.75,269.06,6469504,17406.87,57699,1536301,23.75
SBIN,EQ,10-Jul-15,267.75,270.25,271,266.25,270.45,270.55,269.42,8788162,23677.49,77565,2731650,31.08
SBIN,EQ,13-Jul-15,270.55,272,274.35,267.9,273.5,273.7,271.57,8423083,22874.71,80546,2023632,24.02
SBIN,EQ,14-Jul-15,273.7,273.6,273.6,267.15,268.05,268.2,270.43,10337307,27955.41,93984,4931598,47.71
SBIN,EQ,15-Jul-15,268.2,268.75,271.7,267.15,268.6,268.05,269.25,7483918,20150.37,59970,2971179,39.7
SBIN,EQ,16-Jul-15,268.05,269.75,272.75,268.1,272.4,272.2,270.46,8354120,22594.33,59028,3063941,36.68
SBIN,EQ,17-Jul-15,272.2,272.4,274,270.5,271.65,271.1,271.97,5571891,15153.66,49465,1807521,32.44
SBIN,EQ,20-Jul-15,271.1,272,272,266.15,267.1,267.45,267.96,6418930,17200.18,53325,2280831,35.53
SBIN,EQ,21-Jul-15,267.45,267,269.8,263.5,264.5,264.3,266.69,5638653,15037.69,50543,1795517,31.84
SBIN,EQ,22-Jul-15,264.3,263.7,269.4,261.9,268.75,268.55,265.52,11322177,30063.09,83774,6315769,55.78
SBIN,EQ,23-Jul-15,268.55,268.5,272,267.25,270.05,270.05,269.58,6376216,17189.18,57972,2188031,34.32
SBIN,EQ,24-Jul-15,270.05,268.7,270.35,262.1,263.7,263.25,266.35,7796401,20765.59,68514,3444682,44.18
SBIN,EQ,27-Jul-15,263.25,263.2,263.4,258.05,258.5,258.45,260.09,6788558,17656.26,71666,2797401,41.21
SBIN,EQ,28-Jul-15,258.45,260.25,263.9,258.35,259.25,259.2,260.41,10788886,28095.18,102534,5620110,52.09
SBIN,EQ,29-Jul-15,259.2,260,260.7,252.3,253.65,253.6,255.59,9997136,25551.5,91282,4226586,42.28
SBIN,EQ,30-Jul-15,253.6,253.6,259.5,253.6,257.85,256.8,256.92,10536937,27071.25,68531,4203708,39.89
SBIN,EQ,31-Jul-15,256.8,258,273.75,257.55,269.3,270.05,268.01,20534806,55035.87,162026,8361235,40.72
SBIN,EQ,3-Aug-15,270.05,270,283,269.9,281.25,281.05,279.67,21901780,61253.73,171677,8746287,39.93
SBIN,EQ,4-Aug-15,281.05,282.5,289.95,276.4,289,288.6,284.26,28858887,82035.14,202238,10818026,37.49
SBIN,EQ,5-Aug-15,288.6,289.1,291.8,284.25,284.95,285.4,287.86,10169558,29274.4,91399,2960655,29.11
SBIN,EQ,6-Aug-15,285.4,285.6,290.8,282,290,289.05,286.91,15372143,44104.69,113784,7685472,50
SBIN,EQ,7-Aug-15,289.05,288.5,288.5,280.2,281.95,281.3,283.86,13845614,39302.44,134570,7110364,51.35
SBIN,EQ,10-Aug-15,281.3,282.05,286,280.1,282.5,282.75,283.7,14694901,41689.91,96782,7583766,51.61
SBIN,EQ,11-Aug-15,282.75,285.8,289.45,267.5,267.9,268.8,277.32,39233644,108802,321749,10588643,26.99
SBIN,EQ,12-Aug-15,268.8,267.45,267.45,255.05,256.15,256.35,260.92,29724325,77557.47,207677,16110536,54.2
SBIN,EQ,13-Aug-15,256.35,259.75,262.85,258.15,260.4,259.3,260.31,16360033,42586.28,132908,7260471,44.38
SBIN,EQ,14-Aug-15,259.3,261.9,269.4,259.25,268.5,268.5,265.01,14852873,39361.28,126941,4129121,27.8
SBIN,EQ,17-Aug-15,268.5,272,281.9,270.8,279.2,279.75,277.74,27500063,76378.32,224897,10819359,39.34
SBIN,EQ,18-Aug-15,279.75,280.8,288,275.55,284.75,284.8,283.46,27728824,78599.17,223393,11748890,42.37
SBIN,EQ,19-Aug-15,284.8,283.9,285.95,275.55,278.4,278,280.6,15452575,43359.93,149258,5449022,35.26
SBIN,EQ,20-Aug-15,278,277.65,281.65,268,270,270.55,274.01,14577599,39943.7,118110,4672039,32.05
SBIN,EQ,21-Aug-15,270.55,261.5,268.9,256.2,267.05,267.5,263,19030056,50049.66,161875,7052850,37.06
SBIN,EQ,24-Aug-15,267.5,254.7,257.7,242.4,243.9,245.4,252.16,29561705,74541.38,247643,12870857,43.54
SBIN,EQ,25-Aug-15,245.4,250,254.8,240,254.2,253.35,249.3,23492839,58567.38,202892,7841098,33.38
SBIN,EQ,26-Aug-15,253.35,252.5,253.3,245,245.75,245.7,248.55,16325529,40576.78,152198,5954197,36.47
SBIN,EQ,27-Aug-15,245.7,251.15,252,248.1,249.15,249.45,249.86,21076926,52663.44,127816,11360023,53.9
SBIN,EQ,28-Aug-15,249.45,254.5,255.9,247.45,248.5,248.95,252.08,16644381,41957.89,138473,5812100,34.92
SBIN,EQ,31-Aug-15,248.95,249,251.35,245,247,247.35,248.07,21645114,53694.52,138355,8027845,37.09
SBIN,EQ,1-Sep-15,247.35,244.85,244.85,237.7,239.3,239.1,240.53,19689080,47357.75,171521,7453161,37.85
SBIN,EQ,2-Sep-15,239.1,242.65,243,230.1,230.35,230.55,234.21,23655457,55403.17,202382,7928836,33.52
SBIN,EQ,3-Sep-15,230.55,232.65,235.4,231,231.85,232.25,232.94,14680299,34196.91,123875,4207804,28.66
SBIN,EQ,4-Sep-15,232.25,231.9,231.9,224,225,225.15,226.12,20466346,46278.19,180922,7271427,35.53
SBIN,EQ,7-Sep-15,225.15,227.1,227.5,220.15,221.1,221.1,224.11,15424783,34569.17,170823,4118372,26.7
SBIN,EQ,8-Sep-15,221.1,223,230.25,221.15,228.05,228.35,226.27,16189253,36631.78,149759,3908614,24.14
SBIN,EQ,9-Sep-15,228.35,233.95,234.5,229.1,231.2,231.65,232.22,18237115,42350.61,121876,6695090,36.71
SBIN,EQ,10-Sep-15,231.65,227.35,229.8,224.1,229.6,227.45,226.04,14195882,32088.74,117419,4234502,29.83
SBIN,EQ,11-Sep-15,227.45,230.9,233.3,228,230.5,230.1,230.8,13650937,31505.74,105226,3744398,27.43
SBIN,EQ,14-Sep-15,230.1,231.55,236,230,235.3,235.25,233.36,10671222,24902.1,84874,3029759,28.39
SBIN,EQ,15-Sep-15,235.25,235.2,238.45,232.65,232.9,234,235.23,13193410,31034.48,112433,3992450,30.26
SBIN,EQ,16-Sep-15,234,236.4,237.75,235,236.85,236.8,236.38,11272509,26646,70760,4297330,38.12
SBIN,EQ,18-Sep-15,236.8,240,246.45,239.5,240.7,242,243.58,16049395,39092.75,132524,4918010,30.64
SBIN,EQ,21-Sep-15,242,239.55,246,237.25,245.75,245.25,242.6,9602436,23295.34,84490,1672108,17.41
SBIN,EQ,22-Sep-15,245.25,247.95,248.45,236.25,237.6,237.95,242.99,13667322,33210.55,110945,4297437,31.44
SBIN,EQ,23-Sep-15,237.95,235,241.9,233.6,240.35,239.85,238.33,13614082,32446.39,102490,3671583,26.97
SBIN,EQ,24-Sep-15,239.85,239.45,241.45,238.05,239.45,239.05,239.63,9299508,22284.35,72488,2420938,26.03
SBIN,EQ,28-Sep-15,239.05,241,243.65,238.65,240.9,239.45,241.43,8588230,20734.82,70451,1825740,21.26
SBIN,EQ,29-Sep-15,239.45,236,245.4,232.2,241.6,241.9,240.62,24488685,58923.91,173990,5403503,22.07
SBIN,EQ,30-Sep-15,241.9,244.85,245.4,235.7,237.95,237.15,239.27,17011911,40705.15,129082,5875189,34.54
SBIN,EQ,1-Oct-15,237.15,241.2,241.9,234.4,235.5,235.15,237.28,11590498,27501.46,79332,3360918,29
SBIN,EQ,5-Oct-15,235.15,238.1,241.35,237.25,241.2,240,239.63,18307463,43870.86,76607,10157446,55.48
SBIN,EQ,6-Oct-15,240,242.7,242.8,237.7,239.95,240.1,240.17,10087077,24225.66,73164,2893203,28.68
SBIN,EQ,7-Oct-15,240.1,240.15,244.25,239.05,243.65,243.55,242.42,10608795,25718.13,78909,2611552,24.62
SBIN,EQ,8-Oct-15,243.55,242.45,245.2,241.1,243.5,243.3,243.17,9230511,22446.07,76269,2343586,25.39
SBIN,EQ,9-Oct-15,243.3,245.5,247.8,240.65,242.9,243.45,244.94,12171416,29813.2,105441,4413072,36.26
SBIN,EQ,12-Oct-15,243.45,244.1,245.65,241.3,244.15,244.55,244.27,7566962,18483.45,57702,2819307,37.26
SBIN,EQ,13-Oct-15,244.55,244,247.5,242.05,243.9,243.8,244.56,10200698,24947.12,73013,4105359,40.25
SBIN,EQ,14-Oct-15,243.8,243.7,246.8,243.2,245,244.25,244.82,7895820,19330.56,55278,3212893,40.69
SBIN,EQ,15-Oct-15,244.25,246,249.9,245.5,249.05,248.95,248.42,11582401,28772.44,86325,3894772,33.63
SBIN,EQ,16-Oct-15,248.95,249.85,257.15,248.35,256.8,254.85,251.84,11738832,29563.25,84407,3725598,31.74
SBIN,EQ,19-Oct-15,254.85,256.65,257.1,253.5,254.05,254.5,255.14,8969153,22883.75,60162,3568861,39.79
SBIN,EQ,20-Oct-15,254.5,254.5,257.1,253.2,254.8,254.85,255.05,8811740,22473.92,58553,3517593,39.92
SBIN,EQ,21-Oct-15,254.85,254,255.9,248.55,249.4,249.8,251.41,8606466,21637.2,58318,2410439,28.01
SBIN,EQ,23-Oct-15,249.8,253,254.85,252,253.15,253.4,253.43,7544810,19120.97,77411,2907459,38.54
SBIN,EQ,26-Oct-15,253.4,254.75,256,250.35,251.4,251.25,253.24,13085058,33136.22,82870,5753097,43.97
SBIN,EQ,27-Oct-15,251.25,250.1,252.2,248.1,248.4,248.8,250.09,6565348,16419.12,59563,2711105,41.29
SBIN,EQ,28-Oct-15,248.8,248,249.45,241.2,241.7,242.05,243.96,12310403,30032.24,92805,5871480,47.7
SBIN,EQ,29-Oct-15,242.05,241.5,241.8,236.45,237,236.95,238.58,16114932,38446.94,92417,7947307,49.32
SBIN,EQ,30-Oct-15,236.95,238.7,240.4,235.1,237.25,237.05,237.93,8669606,20627.75,74888,3122553,36.02
SBIN,EQ,2-Nov-15,237.05,238,238,232.7,237.45,236.9,235.49,7611610,17924.59,72432,1800392,23.65
SBIN,EQ,3-Nov-15,236.9,239.35,239.7,235,236.55,235.95,237.25,8323201,19746.97,70852,2819673,33.88
SBIN,EQ,4-Nov-15,235.95,239.2,240.5,237,238.85,239,238.81,8418352,20103.87,54933,3210999,38.14
SBIN,EQ,5-Nov-15,239,238,239,233.1,234,233.9,236.12,8906564,21030.32,78782,2876222,32.29
SBIN,EQ,6-Nov-15,233.9,235.6,244.8,233,243.9,243,241.02,30821077,74285.82,205921,5847777,18.97
SBIN,EQ,9-Nov-15,243,236,248.3,235.6,245.65,246.1,244.83,22806485,55838.06,169076,8669018,38.01
SBIN,EQ,10-Nov-15,246.1,244.9,247.25,240.1,241.3,241.2,243.15,11767845,28613.54,81141,2845909,24.18
SBIN,EQ,11-Nov-15,241.2,243,244.25,242.55,243.2,243.15,243.28,2061681,5015.68,24738,830764,40.3
SBIN,EQ,13-Nov-15,243.15,241.5,241.8,237.7,240.3,240.25,239.92,9082062,21789.37,68168,2716416,29.91
SBIN,EQ,16-Nov-15,240.25,239.5,249.35,239.1,249,248.3,245.34,14051479,34473.47,99089,4847882,34.5
SBIN,EQ,17-Nov-15,248.3,250,251.65,246.7,247.6,247.85,248.93,11273394,28063.06,82525,2733402,24.25
SBIN,EQ,18-Nov-15,247.85,247.6,248.7,239.45,240.45,241,243.75,10397889,25345.12,77659,2986573,28.72
SBIN,EQ,19-Nov-15,241,243.05,245,241.4,244.25,243.9,243.54,7325199,17839.78,51700,1940649,26.49
SBIN,EQ,20-Nov-15,243.9,243.95,249.9,242,243,242.95,245.51,13718619,33680.19,80095,4016945,29.28
SBIN,EQ,23-Nov-15,242.95,243.9,245.25,240.55,242.6,242.7,243.15,10552151,25658.05,65107,3008834,28.51
SBIN,EQ,24-Nov-15,242.7,242.5,244,240.6,241.6,241.4,242.47,6651669,16128.34,52769,1758561,26.44
SBIN,EQ,26-Nov-15,241.4,241.95,244.9,241,243.5,242.5,243.1,13629888,33134.02,74502,6389328,46.88
SBIN,EQ,27-Nov-15,242.5,243,250.5,242.8,249.6,249.7,247.42,15149912,37483.52,95949,5447738,35.96
SBIN,EQ,30-Nov-15,249.7,249.65,253,245,248.65,250.2,250.91,12865469,32281.28,107373,6136099,47.69
SBIN,EQ,1-Dec-15,250.2,250.85,251.9,249.3,249.95,250.2,250.54,9501537,23805.16,74258,2532816,26.66
SBIN,EQ,2-Dec-15,250.2,250.55,250.65,243.75,244.55,244.6,245.93,10881754,26761.56,85982,3835915,35.25
SBIN,EQ,3-Dec-15,244.6,244.15,244.5,240.4,241.5,241.1,242.52,7155630,17353.89,53130,2004524,28.01
SBIN,EQ,4-Dec-15,241.1,240,242.15,238.05,241.75,241.1,240.27,11115170,26706.12,81492,4650194,41.84
SBIN,EQ,7-Dec-15,241.1,242.95,242.95,238,238.9,238.65,239.77,7531729,18058.61,65807,2924376,38.83
SBIN,EQ,8-Dec-15,238.65,238.1,239.95,235.3,235.4,235.95,237.46,8254434,19601.17,65633,3060162,37.07
SBIN,EQ,9-Dec-15,235.95,235.4,238.2,233.6,235,234.4,235.8,7408777,17469.9,60770,2281810,30.8
SBIN,EQ,10-Dec-15,234.4,236,236.75,230.6,232,231.95,232.64,11713559,27250.85,110656,4727421,40.36
SBIN,EQ,11-Dec-15,231.95,232.9,233.9,225.1,227.2,227.3,228.87,12872949,29462.94,107212,3731130,28.98
SBIN,EQ,14-Dec-15,227.3,224.9,227.7,224,225.6,225.95,225.97,12464883,28166.47,196552,4760215,38.19
SBIN,EQ,15-Dec-15,225.95,227,227.15,224,226,226.4,225.5,10404430,23462.24,88956,4049571,38.92
SBIN,EQ,16-Dec-15,226.4,227.75,229.6,225.25,227.2,227.3,227.63,13030720,29661.5,90557,5255900,40.33
SBIN,EQ,17-Dec-15,227.3,230,232.4,228.5,231,230.9,230.7,14539096,33541.41,111133,5819355,40.03
SBIN,EQ,18-Dec-15,230.9,229.95,232.35,225.8,226.25,226.5,228.89,18871084,43194.46,133177,10090333,53.47
SBIN,EQ,21-Dec-15,226.5,226.9,231,226.5,230.5,230.45,229.56,9557098,21939.3,82470,3058303,32
SBIN,EQ,22-Dec-15,230.45,231.65,232.25,227.5,228.65,228.35,230.09,9155574,21066.48,69702,3457655,37.77
SBIN,EQ,23-Dec-15,228.35,230.25,231,228.9,229.75,229.65,230.1,7914311,18210.92,55788,3057822,38.64
SBIN,EQ,24-Dec-15,229.65,230.85,231,227.6,228.5,228.3,228.67,7257958,16596.99,47333,2670535,36.79
SBIN,EQ,28-Dec-15,228.3,229.05,229.95,228,228.6,228.9,228.99,8756879,20052.22,60826,4081164,46.61
SBIN,EQ,29-Dec-15,228.9,228.85,229.95,227.5,228.4,228.2,228.69,7263286,16610.13,88491,3245714,44.69
SBIN,EQ,30-Dec-15,228.2,229,229.7,224.85,225.95,225.8,226.98,11702877,26562.88,78824,5267755,45.01
SBIN,EQ,31-Dec-15,225.8,225.95,226.55,224,224.75,224.45,224.86,11558305,25990.41,70055,5703494,49.35
SBIN,EQ,1-Jan-16,224.45,225,228.9,224.5,227.75,227.8,226.94,6449426,14636.01,49529,1376633,21.35
SBIN,EQ,4-Jan-16,227.8,226.95,226.95,220.05,221.1,220.7,222.8,14092071,31397.44,113875,5337291,37.87
SBIN,EQ,5-Jan-16,220.7,222.8,222.8,217,217.75,217.75,219.46,15074848,33083.62,137290,6241116,41.4
SBIN,EQ,6-Jan-16,217.75,217.9,219.9,216.4,217,216.85,218,11921123,25988.52,96992,3750530,31.46
SBIN,EQ,7-Jan-16,216.85,214,214.1,209,209.75,209.55,210.81,14342279,30234.88,131516,5943545,41.44
SBIN,EQ,8-Jan-16,209.55,212,212.5,208.6,208.9,208.95,209.9,11745840,24654.46,93167,5271984,44.88
SBIN,EQ,11-Jan-16,208.95,206.8,207.5,202.65,204.95,204.3,204.7,19287860,39482.19,127131,8279250,42.92
SBIN,EQ,12-Jan-16,204.3,204.85,205,198.6,199.6,199.4,201.27,20318816,40896.4,160629,7870525,38.74
SBIN,EQ,13-Jan-16,199.4,201.35,202.4,194,201.2,200.9,199.04,23788247,47347.84,162555,8480922,35.65
SBIN,EQ,14-Jan-16,200.9,197,201.5,194.3,195.85,196.05,197.76,20256636,40059.92,148958,6902124,34.07
SBIN,EQ,15-Jan-16,196.05,197.8,197.8,181,183.3,184.3,189.55,29090426,55141.21,207300,11842577,40.71
SBIN,EQ,18-Jan-16,184.3,184.9,188.15,179.15,180.85,181,183.5,35653244,65422.62,218962,12666569,35.53
SBIN,EQ,19-Jan-16,181,182.15,187.8,181.5,183.5,182.95,184.33,24501774,45163.4,153915,8985848,36.67
SBIN,EQ,20-Jan-16,182.95,180.65,180.65,171.5,173.55,173.65,175.17,28655794,50194.94,247132,9898232,34.54
SBIN,EQ,21-Jan-16,173.65,177,178.65,172.05,176.2,175.6,175.34,28697205,50318.63,218633,9727017,33.9
SBIN,EQ,22-Jan-16,175.6,179.9,185.4,178.3,184.65,184.6,182.62,21432409,39139.15,141051,6171382,28.79
SBIN,EQ,25-Jan-16,184.6,187.9,188.8,182.5,182.8,182.95,185.41,17534650,32510.8,120763,7394303,42.17
SBIN,EQ,27-Jan-16,182.95,184.4,186.2,181.05,184,184.4,184.03,16569813,30494,116934,5078517,30.65
SBIN,EQ,28-Jan-16,184.4,184.2,185.9,182.5,185.75,185.25,184.54,20241030,37353.35,84669,8805278,43.5
SBIN,EQ,29-Jan-16,185.25,184.2,185.75,178.1,179.55,179.9,180.55,24259147,43800.71,156963,9256118,38.16
SBIN,EQ,1-Feb-16,179.9,181.95,181.95,172.1,172.9,172.75,175.47,22915269,40210.07,159984,8090322,35.31
SBIN,EQ,2-Feb-16,172.75,173.1,177.4,168.6,168.9,169.4,172.63,35957332,62073.24,241010,7065437,19.65
SBIN,EQ,3-Feb-16,169.4,167.8,167.8,163.25,166.85,166.05,165.82,24132003,40014.92,196005,7595019,31.47
SBIN,EQ,4-Feb-16,166.05,169.3,169.8,160.2,164,162.85,164.85,23811109,39251.51,145796,5207340,21.87
SBIN,EQ,5-Feb-16,162.85,163.7,169.3,162.2,168.8,168.2,166.31,22732245,37806.69,131919,7713016,33.93
SBIN,EQ,8-Feb-16,168.2,169.45,176.9,168.55,171.4,172.15,173.81,22289005,38740.17,166535,5007365,22.47
SBIN,EQ,9-Feb-16,172.15,168,172.4,166.1,167.3,167.05,168.9,19008384,32106.02,116605,2931677,15.42
SBIN,EQ,10-Feb-16,167.05,165,166.2,158,159,159,161.79,32294785,52248.65,189650,13222447,40.94
SBIN,EQ,11-Feb-16,159,159.5,167.5,152.2,154.6,154.25,159.23,72749830,115842.47,412974,13888236,19.09
SBIN,EQ,12-Feb-16,154.25,156.15,157.65,148.25,154.45,154.8,152.21,41187889,62691.37,259269,10036234,24.37
SBIN,EQ,15-Feb-16,154.8,159,170,158,167.4,167.85,165.37,35956266,59460.05,216295,9513571,26.46
SBIN,EQ,16-Feb-16,167.85,170.75,170.75,155.65,156.35,156.4,161.86,33816243,54736.35,198775,7858511,23.24
SBIN,EQ,17-Feb-16,156.4,155,159.85,151.25,159.65,158.95,155.99,32447698,50615.96,200965,5068204,15.62
SBIN,EQ,18-Feb-16,158.95,161.95,163.7,156.4,159,159.8,160.01,21024178,33641.41,130870,3551875,16.89
SBIN,EQ,19-Feb-16,159.8,157.9,165.3,157.1,164.95,164.7,162.94,24592575,40070.7,171593,6246258,25.4
SBIN,EQ,22-Feb-16,164.7,165.95,166.8,163.7,165,164.95,165.08,15815058,26107.54,135649,4217430,26.67
SBIN,EQ,23-Feb-16,164.95,165,165,158,158.6,158.5,160.42,20200068,32405.13,134729,5202659,25.76
SBIN,EQ,24-Feb-16,158.5,156,160.7,155.3,156.65,156.3,158.08,19440950,30731.99,121891,4004709,20.6
SBIN,EQ,25-Feb-16,156.3,157.6,158.1,151,152,151.8,153.89,22713124,34953.58,142201,7407606,32.61
SBIN,EQ,26-Feb-16,151.8,155.5,158.7,152.55,157,155.9,155.78,30051402,46812.8,176437,7282242,24.23
SBIN,EQ,29-Feb-16,155.9,158.2,163.9,153,159.45,158.75,159.44,66981910,106798.9,373065,14012660,20.92
SBIN,EQ,1-Mar-16,158.75,160.5,162.9,158.55,162.8,162.05,161.19,23588231,38022.69,153474,6410530,27.18
SBIN,EQ,2-Mar-16,162.05,172.5,183.2,172.5,182.4,181.15,177.82,53333757,94839.65,288251,16432378,30.81
SBIN,EQ,3-Mar-16,181.15,184,184.6,178.5,183.6,182.75,181.28,33507048,60741.74,192218,6099812,18.2
SBIN,EQ,4-Mar-16,182.75,183.4,189.85,178.5,189.1,188.4,185,38860711,71894.2,212758,6154362,15.84
SBIN,EQ,8-Mar-16,188.4,186.95,186.95,181.4,183.1,183.35,184.19,27928279,51441.62,167308,7429060,26.6
SBIN,EQ,9-Mar-16,183.35,180,184,178.7,183.45,183.4,181.72,29453018,53521.23,149605,9260103,31.44
SBIN,EQ,10-Mar-16,183.4,184.75,184.75,179.4,180.35,180.5,181.51,20472928,37159.72,111536,4857524,23.73
SBIN,EQ,11-Mar-16,180.5,180,182.65,177.55,180.55,180.1,180.26,21869157,39422.41,117055,5271999,24.11
SBIN,EQ,14-Mar-16,180.1,182.45,183.4,180.7,181.7,181.75,181.8,14369755,26124.24,90248,3518160,24.48
SBIN,EQ,15-Mar-16,181.75,181.65,186.2,181.65,185.05,185.3,184.71,22369600,41319.73,154226,6779447,30.31
SBIN,EQ,16-Mar-16,185.3,185,185.9,181.6,185.6,185.2,184.15,19237834,35426.21,107162,4673661,24.29
SBIN,EQ,17-Mar-16,185.2,188,189.3,185,185.2,186.35,187.64,21560986,40456.5,140622,6997724,32.46
SBIN,EQ,18-Mar-16,186.35,186.85,192,186,191.5,191.25,189.06,21144216,39975.11,134926,6611156,31.27
SBIN,EQ,21-Mar-16,191.25,193,197.3,193,197.05,196.8,195.3,20678069,40385.14,143523,6513731,31.5
SBIN,EQ,22-Mar-16,196.8,196.8,198.25,194.5,197.9,197.5,196.38,16728809,32851.73,116859,3908068,23.36
SBIN,EQ,23-Mar-16,197.5,196.9,197.6,195.3,196.25,196.6,196.39,13362780,26243.29,79259,3499361,26.19
SBIN,EQ,28-Mar-16,196.6,195.8,198.25,187.65,188.7,188.3,192.01,19760603,37943.22,122344,7729975,39.12
SBIN,EQ,29-Mar-16,188.3,188.5,191.25,186.65,189.3,189.5,189.51,16804848,31846.12,97810,3973615,23.65
SBIN,EQ,30-Mar-16,189.5,192.25,198.3,190.5,197.05,197.55,194.81,20709407,40344.28,126461,4691725,22.66
SBIN,EQ,31-Mar-16,197.55,197.85,198.75,192.35,194,194.25,195.64,30132473,58949.72,149396,12518461,41.54
SBIN,EQ,1-Apr-16,194.25,193.7,197.25,192,195.25,195.65,195.16,21752206,42452.59,115244,6555959,30.14
SBIN,EQ,4-Apr-16,195.65,197.3,197.45,192.55,194.75,194.7,194.94,15732565,30668.58,97228,4957251,31.51
SBIN,EQ,5-Apr-16,194.7,193.9,194.55,183.3,183.75,184.35,189.13,36635637,69289.84,225354,9409530,25.68
SBIN,EQ,6-Apr-16,184.35,185,185.5,182.2,183.8,183.85,184.04,16350631,30091.83,118379,3029153,18.53
SBIN,EQ,7-Apr-16,183.85,183.8,185.65,181,182,181.95,183.24,19430601,35604.36,128307,3728079,19.19
SBIN,EQ,8-Apr-16,181.95,181.65,183.95,180.2,183.45,183.1,182.68,15805231,28873.51,106622,3846954,24.34
SBIN,EQ,11-Apr-16,183.1,183.85,188.9,182,188.45,188.25,185.17,18990364,35164.14,106419,5162794,27.19
SBIN,EQ,12-Apr-16,188.25,188.5,190.25,186.3,188,187.8,188.33,14563344,27426.92,86118,3429723,23.55
SBIN,EQ,13-Apr-16,187.8,191.55,193.8,190.8,191.35,191.9,192.18,17573045,33771.06,112945,4692528,26.7
SBIN,EQ,18-Apr-16,191.9,191.45,191.5,185.6,186.55,186.75,187.49,13985439,26221.33,100989,4213356,30.13
SBIN,EQ,20-Apr-16,186.75,188.35,188.65,184.1,187.6,187.3,186.58,20163005,37620.1,125867,5582860,27.69
SBIN,EQ,21-Apr-16,187.3,190.5,197.4,190,193.5,194.35,194.77,31008152,60393.6,157469,10222408,32.97
SBIN,EQ,22-Apr-16,194.35,193.6,201.5,191.55,200.25,200.15,198.29,34049763,67518.7,194929,9141444,26.85
SBIN,EQ,25-Apr-16,200.15,200.95,202.55,195.8,197.35,197.05,199.38,23835613,47523.96,135454,6226085,26.12
SBIN,EQ,26-Apr-16,197.05,195.95,201.4,194.55,200.8,200.95,198.76,21809451,43348.12,126638,4502133,20.64
SBIN,EQ,27-Apr-16,200.95,200.9,200.9,195.5,196.05,196.15,197.97,22801603,45139.52,118308,7808736,34.25
SBIN,EQ,28-Apr-16,196.15,196.75,198.2,191.2,192.1,192.05,194.5,24555479,47760.39,185568,10059264,40.97
SBIN,EQ,29-Apr-16,192.05,191.9,194,186.45,188.9,189,190.12,21021661,39966.24,134907,4406039,20.96
SBIN,EQ,2-May-16,189,187.6,188.45,185.5,185.95,186,186.83,14469844,27033.42,84815,3860773,26.68
SBIN,EQ,3-May-16,186,187,189.35,183.65,183.9,184.05,186.56,16247931,30311.62,92539,4008897,24.67
SBIN,EQ,4-May-16,184.05,183.5,184.4,179.15,179.7,179.95,181.86,17826594,32419.88,118748,4901295,27.49
SBIN,EQ,5-May-16,179.95,180.25,182.7,178.5,180.65,180.35,180.48,17742028,32020.37,129687,3447797,19.43
SBIN,EQ,6-May-16,180.35,180.95,184.95,180.1,184.15,184.35,183.08,18336962,33571.5,99937,4510089,24.6
SBIN,EQ,9-May-16,184.35,186.5,189.4,185.05,188.7,188.7,187.21,13863696,25953.93,76040,3198259,23.07
SBIN,EQ,10-May-16,188.7,187.6,190.3,186.7,189.4,189.5,188.74,13845979,26132.55,109702,4353655,31.44
SBIN,EQ,11-May-16,189.5,185.4,188.5,184.1,185.15,185,186.54,18128414,33816.25,94967,6402437,35.32
SBIN,EQ,12-May-16,185,187.1,189.5,185.4,188.8,188.5,187.71,17398341,32658.88,96170,4968527,28.56
SBIN,EQ,13-May-16,188.5,187.95,187.95,184.3,184.9,184.85,185.29,15546644,28805.81,65101,5538257,35.62
SBIN,EQ,16-May-16,184.85,185,185,175.15,177.15,176.8,177.52,30937008,54919.53,189216,12541213,40.54
SBIN,EQ,17-May-16,176.8,178.5,178.6,175.25,177.1,176.85,176.78,22183140,39215.6,114958,7445207,33.56
SBIN,EQ,18-May-16,176.85,176.9,180.45,173.55,180,179.95,178.53,25345278,45248.17,137843,6854944,27.05
SBIN,EQ,19-May-16,179.95,181,181,171.9,172.45,172.7,175.82,25480517,44800.19,133413,10347052,40.61
SBIN,EQ,20-May-16,172.7,173.5,174.7,170.55,171.7,171.35,172.76,16720624,28886.53,107822,4437666,26.54
SBIN,EQ,23-May-16,171.35,172.3,172.7,168.2,168.45,168.4,169.83,16193112,27499.96,99857,5094469,31.46
SBIN,EQ,24-May-16,168.4,168.8,170.4,166.4,170.05,169.5,168.18,14816798,24918.84,89086,4821757,32.54
SBIN,EQ,25-May-16,169.5,171.5,175.8,171.45,174.75,175.1,173.83,18900887,32854.47,103155,7722398,40.86
SBIN,EQ,26-May-16,175.1,175.1,185.5,173.5,184.55,184.15,180.13,30700988,55302.38,167461,12229884,39.84
SBIN,EQ,27-May-16,184.15,184,202.4,181.5,201.3,195.9,189.38,85585820,162083.96,447197,18274572,21.35
SBIN,EQ,30-May-16,195.9,200.2,203.9,194.6,197.8,198.85,198.46,46075949,91443.09,246811,14953723,32.45
SBIN,EQ,31-May-16,198.85,198.8,205.7,196.2,205.3,204.95,201.54,39457647,79523.89,227995,11774756,29.84
SBIN,EQ,1-Jun-16,204.95,205.95,208.3,196.6,198.6,198.25,202.84,41868032,84926.06,215016,10871586,25.97
SBIN,EQ,2-Jun-16,198.25,197.85,202.3,195.55,200.6,200.55,199.11,23499884,46790.15,157035,3621222,15.41
SBIN,EQ,3-Jun-16,200.55,201,202.15,195.4,196.25,196.6,198.81,24568749,48845.43,126039,4648593,18.92
SBIN,EQ,6-Jun-16,196.6,197.45,202.6,197.1,198.75,198.9,199.55,23623536,47140.29,132639,5880974,24.89
SBIN,EQ,7-Jun-16,198.9,200.45,211.15,200.15,210.15,210.15,205.82,66063192,135972.83,363240,18623978,28.19
SBIN,EQ,8-Jun-16,210.15,210.15,211.9,207.55,209.9,210.7,210.28,35163093,73942.08,191274,10519149,29.92
SBIN,EQ,9-Jun-16,210.7,210,212.8,208.3,209.5,209.95,210.61,27858182,58672.1,155374,6530703,23.44
SBIN,EQ,10-Jun-16,209.95,209.35,211.5,205.3,206.1,205.95,208.39,25598224,53344.15,138243,6059206,23.67
SBIN,EQ,13-Jun-16,205.95,201.5,202.6,200.2,202.5,201.8,201.58,21192525,42720.38,122783,5211906,24.59
SBIN,EQ,14-Jun-16,201.8,204.35,208.6,203.8,208.2,207.7,205.99,23918910,49271.51,129701,4916156,20.55
SBIN,EQ,15-Jun-16,207.7,209.75,217.55,208.55,215.25,216.05,213.78,48362742,103389.17,262445,8804444,18.21
SBIN,EQ,16-Jun-16,216.05,216,218.5,213.05,215.15,216,215.77,48122379,103836.04,285087,10889526,22.63
SBIN,EQ,17-Jun-16,216,216.75,217.5,211.6,212.9,213.45,214.7,26486677,56866.09,178438,7332337,27.68
SBIN,EQ,20-Jun-16,213.45,208,216.7,207.9,215.25,215.9,213.81,32633757,69772.92,175144,7768315,23.8
SBIN,EQ,21-Jun-16,215.9,215,217.5,213.15,213.5,214,215.39,18960306,40838.22,130024,5087373,26.83
SBIN,EQ,22-Jun-16,214,214,215.25,211.45,212.9,212.9,213.42,16395548,34991.26,98467,3630782,22.14
SBIN,EQ,23-Jun-16,212.9,213,218,212.75,217.8,217.55,215.84,20666649,44605.88,125144,6492054,31.41
SBIN,EQ,24-Jun-16,217.55,205.9,212.35,202.5,211,211.25,207.89,47224652,98173.08,247777,10074190,21.33
SBIN,EQ,27-Jun-16,211.25,210.8,218.85,210.55,216.8,217.15,216.3,29021651,62772.38,159297,6765720,23.31
SBIN,EQ,28-Jun-16,217.15,216.75,218.65,215.4,215.7,215.9,216.63,21784062,47189.86,119038,7812921,35.87
SBIN,EQ,29-Jun-16,215.9,217.9,218.8,216.1,217.3,217.2,217.43,18019568,39180.6,88033,4227588,23.46
SBIN,EQ,30-Jun-16,217.2,220,221.9,217.9,219.3,218.8,219.92,30600995,67297.55,134433,8573520,28.02
SBIN,EQ,1-Jul-16,218.8,220.8,221,218.9,219.2,219.6,219.93,15346865,33752.71,76742,4010619,26.13
SBIN,EQ,4-Jul-16,219.6,222.35,224.35,222,222.9,223,223.16,16534518,36898.42,92943,3792823,22.94
SBIN,EQ,5-Jul-16,223,223.25,225.15,221.55,223,223.5,223.72,15357018,34357.29,102896,4498810,29.29
SBIN,EQ,7-Jul-16,223.5,223.9,224.6,219.35,220.15,220.05,222.32,12917872,28718.4,68075,4030925,31.2
SBIN,EQ,8-Jul-16,220.05,220.15,220.85,216.5,218.2,218.3,218.11,16017389,34936.21,96813,5367678,33.51
SBIN,EQ,11-Jul-16,218.3,223.6,225.45,222,224.5,224.7,223.59,15831791,35398.56,82208,5654844,35.72
SBIN,EQ,12-Jul-16,224.7,225,227.2,224.15,226.75,226.7,226.1,19374179,43804.95,96849,7895882,40.75
SBIN,EQ,13-Jul-16,226.7,227,228.5,223.95,226.75,227.7,226.83,18377333,41686.19,102415,5491345,29.88
SBIN,EQ,14-Jul-16,227.7,227,232.85,226,231.75,232,230.43,21208021,48869.53,124475,5697439,26.86
SBIN,EQ,15-Jul-16,232,232.9,234.4,230.8,231,231.5,232.42,15068302,35021.13,80928,3992784,26.5
SBIN,EQ,18-Jul-16,231.5,232.4,233.85,228.2,228.6,228.75,231.31,11816985,27334.12,74478,2809230,23.77
SBIN,EQ,19-Jul-16,228.75,230,232.15,227,229.45,229.6,229.75,19767339,45414.73,104305,5887813,29.79
SBIN,EQ,20-Jul-16,229.6,230.65,232.75,229.2,230.85,231.15,231.32,18051608,41757.08,117048,7025409,38.92
SBIN,EQ,21-Jul-16,231.15,231.65,232.1,224.4,224.8,225.65,228.81,13306837,30446.85,67925,3657509,27.49
SBIN,EQ,22-Jul-16,225.65,225.4,225.9,222.1,223.45,223.5,223.92,12341622,27635.88,63031,3019454,24.47
SBIN,EQ,25-Jul-16,223.5,223,231,222.7,229.6,229.9,228.36,18427070,42079.75,101405,5910707,32.08
SBIN,EQ,26-Jul-16,229.9,230,232.2,225.9,226.8,226.7,229.45,14162638,32496.62,87233,4999906,35.3
SBIN,EQ,27-Jul-16,226.7,227.75,231,226.8,229.4,229.25,228.85,17626617,40337.99,88800,6547726,37.15
SBIN,EQ,28-Jul-16,229.25,230.15,235.15,229.3,230.2,231,232.13,26838284,62299.67,134747,11330407,42.22
SBIN,EQ,29-Jul-16,231,230,232.7,228.4,230.15,229.4,230.56,15577230,35914.26,86038,5904691,37.91
SBIN,EQ,1-Aug-16,229.4,230.8,232.65,225.3,227.75,227.3,228.31,16071228,36692.47,84451,6622550,41.21
SBIN,EQ,2-Aug-16,227.3,229.3,230.9,227.3,228.1,228.05,228.8,16145066,36939.18,79842,6134616,38
SBIN,EQ,3-Aug-16,228.05,228.5,230.5,225.8,226.55,226.65,228.26,14838944,33871.79,73601,6312310,42.54
SBIN,EQ,4-Aug-16,226.65,228.45,228.7,223.2,226.2,225.65,225.75,17810908,40208.31,86508,7884902,44.27
SBIN,EQ,5-Aug-16,225.65,227.35,233.9,226.9,231.85,232.75,232.09,21264296,49352.93,113047,8017919,37.71
SBIN,EQ,8-Aug-16,232.75,233.95,235.9,231.7,232.65,233.25,233.54,16972827,39638.39,79004,5892060,34.71
SBIN,EQ,9-Aug-16,233.25,234.25,238,232.65,235.5,235.15,234.92,19854185,46640.86,109330,5586660,28.14
SBIN,EQ,10-Aug-16,235.15,236.75,236.9,231.05,231.25,231.5,232.96,16279843,37925.44,88530,6296050,38.67
SBIN,EQ,11-Aug-16,231.5,231.5,231.6,226.1,226.9,227.15,227.78,16673286,37978.46,68150,6755104,40.51
SBIN,EQ,12-Aug-16,227.15,227,247.95,224.4,243.6,243.3,240.56,86616475,208367.28,458828,24769437,28.6
SBIN,EQ,16-Aug-16,243.3,245.25,247.9,242.65,246.2,246.75,245.15,27709873,67929.57,135110,6723968,24.27
SBIN,EQ,17-Aug-16,246.75,246.45,249.8,244.3,245.3,246.25,246.63,18294050,45119.49,123640,2962279,16.19
SBIN,EQ,18-Aug-16,246.25,246.9,250.4,246.55,248.2,248.4,248.77,14314950,35610.94,82107,3773825,26.36
SBIN,EQ,19-Aug-16,248.4,255,260,253.5,258.5,258.5,256.76,39822529,102249.11,209689,11933585,29.97
SBIN,EQ,22-Aug-16,258.5,259.8,260.4,254,254.15,254.8,256.81,19769886,50770.6,140995,6913670,34.97
SBIN,EQ,23-Aug-16,254.8,254.9,255.8,251,255.3,254.75,253.26,17583721,44533.37,110480,5392781,30.67
SBIN,EQ,24-Aug-16,254.75,254.95,256.2,253.5,254.15,254.4,254.58,11560293,29429.94,90982,3132584,27.1
SBIN,EQ,25-Aug-16,254.4,254.9,255.55,248.6,249.5,250.15,251.92,21230706,53483.58,107161,10496184,49.44
SBIN,EQ,26-Aug-16,250.15,250.3,250.7,245.85,246.35,246.6,247.59,16531983,40931.19,123619,7833851,47.39
SBIN,EQ,29-Aug-16,246.6,245.85,249.85,244.25,249.45,249.05,246.94,11786129,29104.66,105538,3560636,30.21
SBIN,EQ,30-Aug-16,249.05,250.15,252.9,249.8,252.2,252.25,251.7,15323228,38568.78,99667,6747330,44.03
SBIN,EQ,31-Aug-16,252.25,253.25,255.8,251.2,251.6,252.5,253.82,15601566,39599.17,138866,6348836,40.69
SBIN,EQ,1-Sep-16,252.5,251.95,254.85,251.15,252.05,252,253.1,12175873,30816.64,87242,4841499,39.76
SBIN,EQ,2-Sep-16,252,252,255.2,251.65,254.6,254.6,253.69,11380257,28870.58,96886,4548384,39.97
SBIN,EQ,6-Sep-16,254.6,257.2,261.5,256,261.3,260.1,258.83,16620963,43020.66,159177,8417509,50.64
SBIN,EQ,7-Sep-16,260.1,262.9,270.3,260.4,267,266.8,266.14,30862337,82137.06,164647,12072931,39.12
SBIN,EQ,8-Sep-16,266.8,268,271.6,266.9,267.8,268.35,269.03,14339143,38576.4,79489,4554367,31.76
SBIN,EQ,9-Sep-16,268.35,268.4,268.4,263.35,263.7,264.1,265.2,11455826,30381.32,65770,3558542,31.06
SBIN,EQ,12-Sep-16,264.1,257.5,258.75,251.8,253.65,252.75,254.85,18989750,48394.45,115272,7725813,40.68
SBIN,EQ,14-Sep-16,252.75,255,258,253,257.65,257.55,256.1,12754966,32665.76,77074,4507920,35.34
SBIN,EQ,15-Sep-16,257.55,258.35,258.35,254.2,256.35,256,255.84,7783662,19914.07,56689,1839833,23.64
SBIN,EQ,16-Sep-16,256,257.95,262,253.4,255.2,254.3,257.69,18013477,46419.68,109581,7860169,43.63
SBIN,EQ,19-Sep-16,254.3,256,258.3,255.2,255.6,255.65,256.3,11433295,29303.19,66390,4088895,35.76
SBIN,EQ,20-Sep-16,255.65,256.4,256.4,253.65,253.85,254.45,254.84,9914599,25266.38,74224,4170709,42.07
SBIN,EQ,21-Sep-16,254.45,254.5,256.25,250.65,251.6,251.15,253.32,12817180,32468,94441,5709914,44.55
SBIN,EQ,22-Sep-16,251.15,257.9,258.45,255.1,257.9,257.9,256.74,20797370,53395.62,116332,10720246,51.55
SBIN,EQ,23-Sep-16,257.9,258.8,258.8,253.8,254.25,254.55,256.61,12730223,32666.4,72436,5580214,43.83
SBIN,EQ,26-Sep-16,254.55,253.95,254.45,250.65,251.9,251.65,252.38,8800173,22210.29,60654,2685917,30.52
SBIN,EQ,27-Sep-16,251.65,253.15,253.9,248.3,248.85,249,250.72,11345387,28445.48,68190,4760497,41.96
SBIN,EQ,28-Sep-16,249,250,255.8,248.05,254,253.75,253.17,17277539,43742.07,82646,6685102,38.69
SBIN,EQ,29-Sep-16,253.75,255,256.75,243.5,249,247.25,249.18,27870695,69449.58,120912,12868818,46.17
SBIN,EQ,30-Sep-16,247.25,246.85,252.5,245.8,252,251.25,249.88,14826293,37048.18,105590,5136844,34.65
SBIN,EQ,3-Oct-16,251.25,253,256.65,252.65,255.1,255.3,255.23,9314647,23774.18,74160,3403117,36.54
SBIN,EQ,4-Oct-16,255.3,255.8,262,253.8,261,259.75,257.53,21532806,55454.45,117839,6172659,28.67
SBIN,EQ,5-Oct-16,259.75,262,264.9,259.55,260,260.85,262.58,20868556,54796.14,133186,9608356,46.04
SBIN,EQ,6-Oct-16,260.85,261.35,262,255.65,257.25,256.8,259.03,11081154,28703.76,70681,2388442,21.55
SBIN,EQ,7-Oct-16,256.8,257.25,259.9,255.25,258.05,258.7,257.4,11934100,30718.11,72975,3440378,28.83
SBIN,EQ,10-Oct-16,258.7,259.35,260.3,256.05,256.65,256.6,257.85,9399844,24237.08,71528,3297928,35.08
SBIN,EQ,13-Oct-16,256.6,254.95,255.35,245.85,249.95,249.65,250.18,18050638,45159.22,127024,8947593,49.57
SBIN,EQ,14-Oct-16,249.65,251,253.55,249.1,252.05,252.1,251.98,12133951,30574.52,79275,4664585,38.44
SBIN,EQ,17-Oct-16,252.1,253.75,256.45,252,253,253.2,254.06,16865537,42847.85,89069,7544530,44.73
SBIN,EQ,18-Oct-16,253.2,254.9,257.7,253.8,256.9,256.9,255.36,20218355,51629.41,167023,10419888,51.54
SBIN,EQ,19-Oct-16,256.9,258,258,254.85,255.3,255.4,255.84,9546481,24423.58,53487,3509132,36.76
SBIN,EQ,20-Oct-16,255.4,255.7,260.9,255.3,260.1,260.2,259.24,14179531,36759.51,100640,5105306,36
SBIN,EQ,21-Oct-16,260.2,259.75,259.75,256.1,259.2,258.5,257.63,8833390,22757.15,51999,2578291,29.19
SBIN,EQ,24-Oct-16,258.5,259.3,264.9,259.3,262.8,262.95,263.27,14483254,38130.58,112379,5944535,41.04
SBIN,EQ,25-Oct-16,262.95,264,264.55,260.75,261.5,261.45,262.07,9079178,23793.56,60368,3539616,38.99
SBIN,EQ,26-Oct-16,261.45,260.4,264.85,256.8,257,258.75,260.6,15020687,39143.75,94833,6029383,40.14
SBIN,EQ,27-Oct-16,258.75,258,258.1,254.3,255.95,255.4,255.63,10938008,27961.08,61468,3784455,34.6
SBIN,EQ,28-Oct-16,255.4,255.9,258.8,254,258.5,258,257.09,11430184,29385.85,64130,5088423,44.52
SBIN,EQ,30-Oct-16,258,258.9,260,256.6,257,257.6,258.16,2107882,5441.67,20579,749475,35.56
SBIN,EQ,1-Nov-16,257.6,257,260.9,256.5,259.4,258.95,259.08,10000632,25910,73664,4054341,40.54
SBIN,EQ,2-Nov-16,258.95,254.1,256,250.55,251,251.05,252.01,13716294,34566.35,90831,5847750,42.63
SBIN,EQ,3-Nov-16,251.05,251.15,252.8,244.85,245.55,245.65,248.28,12902390,32034.17,84500,5002910,38.78
SBIN,EQ,4-Nov-16,245.65,246.25,247.4,240.3,243.1,242.85,243.39,12657669,30807.97,92496,3573880,28.23
SBIN,EQ,7-Nov-16,242.85,248,253.9,245.5,252.15,252.7,250.37,11224419,28102.85,83543,3311423,29.5
SBIN,EQ,8-Nov-16,252.7,253.7,254.1,248.65,252.75,252.65,251.37,9367228,23546.2,74127,2522297,26.93
SBIN,EQ,9-Nov-16,252.65,235,261.05,235,260.8,260,251.04,31761606,79735.47,185517,8434624,26.56
SBIN,EQ,10-Nov-16,260,267,284.2,265.25,281.35,281.3,277.76,50227559,139512.78,316412,14611697,29.09
SBIN,EQ,11-Nov-16,281.3,278.75,288.8,270.5,273.95,273,277.84,57937113,160970.55,312701,11466984,19.79
SBIN,EQ,15-Nov-16,273,275.15,283.45,270.7,278,278.2,277.97,48658808,135259.13,246681,18007985,37.01
SBIN,EQ,16-Nov-16,278.2,284,284.8,276.15,277.65,277.2,278.73,27532708,76741.4,158917,10888066,39.55
SBIN,EQ,17-Nov-16,277.2,278,282.2,275.6,278.7,277.45,279.38,19500760,54481.2,134965,6431249,32.98
SBIN,EQ,18-Nov-16,277.45,278.15,280,274.85,275.7,275.8,277,13389671,37088.94,92856,3127828,23.36
SBIN,EQ,21-Nov-16,275.8,277.15,277.6,255.85,258.5,257.35,264.47,26002028,68768.21,161274,7295729,28.06
SBIN,EQ,22-Nov-16,257.35,260.8,262.65,251.15,258,257.35,256.19,25631435,65665.43,154347,4480233,17.48
SBIN,EQ,23-Nov-16,257.35,259.8,260.35,254.75,258.05,258.65,257.72,16190033,41725.24,116885,3815989,23.57
SBIN,EQ,24-Nov-16,258.65,257.8,263,254.55,261.8,261.75,260.61,28927720,75388.5,141790,11174382,38.63
SBIN,EQ,25-Nov-16,261.75,263.5,264.5,258.35,260.85,260.95,261.08,19303589,50397.28,142066,7194233,37.27
SBIN,EQ,28-Nov-16,260.95,253.45,257.75,248,254.05,253.55,254.63,22315183,56821.84,184333,6951546,31.15
SBIN,EQ,29-Nov-16,253.55,254.25,256.5,252,253.15,252.7,254.52,12656706,32213.71,109264,3910411,30.9
SBIN,EQ,30-Nov-16,252.7,254,260.15,252.7,257.85,258.35,256.7,16501691,42359.23,131822,5197713,31.5
SBIN,EQ,1-Dec-16,258.35,259.65,261,254.65,256.4,255.65,257.1,12986151,33387.64,79046,2873913,22.13
SBIN,EQ,2-Dec-16,255.65,253.95,261.4,253,254.1,254.1,255.89,21139754,54093.99,136950,5031421,23.8
SBIN,EQ,5-Dec-16,254.1,254.4,257.8,253.2,257.7,256.9,255.82,8406973,21506.34,68237,1597438,19
SBIN,EQ,6-Dec-16,256.9,258.5,260.15,256.35,259.7,259.1,258.64,10048459,25989.06,72559,2212103,22.01
SBIN,EQ,7-Dec-16,259.1,260.35,262.75,251.65,256.35,255.6,258.19,22193202,57301.58,141042,5391202,24.29
SBIN,EQ,8-Dec-16,255.6,258.45,260.5,258.05,259.9,259.9,259.38,9047721,23467.74,66714,2098509,23.19
SBIN,EQ,9-Dec-16,259.9,260.8,267.2,258.8,266.6,266.65,264.21,16004173,42284.57,103824,5188994,32.42
SBIN,EQ,12-Dec-16,266.65,268.9,269.35,262.3,264,263.65,266.17,14296268,38052.17,99034,4000048,27.98
SBIN,EQ,13-Dec-16,263.65,264.9,266.75,261.55,266.05,266.15,264.38,9084137,24016.48,67769,2460029,27.08
SBIN,EQ,14-Dec-16,266.15,266,266.25,262.3,263,262.9,263.86,8672531,22883.34,81547,3157637,36.41
SBIN,EQ,15-Dec-16,262.9,259.9,267.5,259,265.35,265.4,264.98,12274497,32524.89,83448,2382553,19.41
SBIN,EQ,16-Dec-16,265.4,266.35,266.35,263.05,265.2,264.75,264.65,11017555,29157.49,83837,4944483,44.88
SBIN,EQ,19-Dec-16,264.75,263.35,264.5,260.85,261.3,261.35,262.48,8371299,21972.94,57083,3315890,39.61
SBIN,EQ,20-Dec-16,261.35,261.85,262.9,253.25,255.05,254.55,256.17,12765309,32701.19,78439,3594514,28.16
SBIN,EQ,21-Dec-16,254.55,256.1,258,254.1,254.6,255.35,256.1,8778450,22481.47,66671,1805197,20.56
SBIN,EQ,22-Dec-16,255.35,254.25,254.25,248.35,249.8,249.8,250.45,12981595,32512.34,103305,4672099,35.99
SBIN,EQ,23-Dec-16,249.8,249.75,251.8,247.8,249,249.15,249.85,10557157,26377.28,82528,2644628,25.05
SBIN,EQ,26-Dec-16,249.15,248,248.3,243.6,243.95,244.2,245.38,8592983,21085.09,70388,2745424,31.95
SBIN,EQ,27-Dec-16,244.2,244.6,249.95,243.1,248.6,248.75,245.62,8756536,21507.81,79734,2124865,24.27
SBIN,EQ,28-Dec-16,248.75,249.25,252.5,247.15,247.6,247.75,249.42,11747088,29299.95,83042,3329930,28.35
SBIN,EQ,29-Dec-16,247.75,247.65,248.85,245.5,247.2,247.65,247.45,10658616,26374.35,69581,4540842,42.6
SBIN,EQ,30-Dec-16,247.65,247.75,252.3,247.25,250.3,250.2,250.58,10538497,26407.5,91141,3293706,31.25
SBIN,EQ,2-Jan-17,250.2,252.5,253.65,242.6,243.55,243.6,244.8,25988990,63621.68,164268,12078409,46.48
SBIN,EQ,3-Jan-17,243.6,244,246.4,241.1,244.9,244.9,244.54,15963085,39035.56,112537,4370526,27.38
SBIN,EQ,4-Jan-17,244.9,245.8,246.4,242.2,243.2,242.9,243.96,11225978,27386.51,91672,3632352,32.36
SBIN,EQ,5-Jan-17,242.9,245,245.9,243.7,245.5,245.35,244.94,11970913,29322.09,88254,4511456,37.69
SBIN,EQ,6-Jan-17,245.35,246,249,245.5,246.05,245.9,247.1,12354302,30527.14,75839,3393716,27.47
SBIN,EQ,9-Jan-17,245.9,246.4,248.35,246,246.7,247.05,247.09,8329253,20580.77,96852,2615006,31.4
SBIN,EQ,10-Jan-17,247.05,247.7,249,246.4,248.9,248.3,247.64,9352013,23159.27,61592,3888157,41.58
SBIN,EQ,11-Jan-17,248.3,249.65,253.2,249,251.7,252.15,251.31,13415303,33713.63,88947,4496383,33.52
SBIN,EQ,12-Jan-17,252.15,252.9,254.45,250.55,251.15,251.25,252.31,11282323,28466.91,79782,3565007,31.6
SBIN,EQ,13-Jan-17,251.25,252,252.6,249.1,251,250.9,250.86,9333736,23415.03,61618,2870258,30.75
SBIN,EQ,16-Jan-17,250.9,251.05,256.4,250.7,256.4,255.75,254.48,13234727,33679.89,103243,6268943,47.37
SBIN,EQ,17-Jan-17,255.75,257.45,258.65,254.4,255.9,256,256.89,9480201,24354.03,78812,2606666,27.5
SBIN,EQ,18-Jan-17,256,257.1,259.3,256.6,258.3,258.35,258.06,8048897,20771.01,67626,2556065,31.76
SBIN,EQ,19-Jan-17,258.35,257.2,262,256.5,258.05,258.4,259.16,13029151,33766.41,90954,4631679,35.55
SBIN,EQ,20-Jan-17,258.4,258.5,260.5,250.3,251.2,251.05,254.94,15341756,39112.67,130482,5848512,38.12
SBIN,EQ,23-Jan-17,251.05,251,255.2,250.1,254.8,254.15,253.65,9339939,23690.8,68661,3291451,35.24
SBIN,EQ,24-Jan-17,254.15,255.1,257,254,254.6,254.9,255.53,13540202,34599.54,67944,6203676,45.82
SBIN,EQ,25-Jan-17,254.9,255.55,261,254.2,259.85,259.2,256.69,16343545,41951.6,100850,9274609,56.75
SBIN,EQ,27-Jan-17,259.2,260.3,268.2,259.5,266.5,266.45,264.82,18039379,47772.71,141762,6528038,36.19
SBIN,EQ,30-Jan-17,266.45,265.85,267.9,263.4,263.85,263.95,265.55,11884795,31559.51,81433,4484109,37.73
SBIN,EQ,31-Jan-17,263.95,261.15,263.85,259.65,260,260.35,261.37,8899165,23259.5,58875,3298704,37.07
SBIN,EQ,1-Feb-17,260.35,262,271.9,261.6,271.4,270.7,267.29,27253142,72845.39,162896,8648465,31.73
SBIN,EQ,2-Feb-17,270.7,271.85,275,268.7,272.75,273.3,272.45,20139955,54870.7,115076,6787511,33.7
SBIN,EQ,3-Feb-17,273.3,273,278.55,272,278.1,277.55,276.42,15366890,42477.16,96972,5823909,37.9
SBIN,EQ,6-Feb-17,277.55,280,282.5,276,276.55,277.05,279.46,14725291,41151.06,86870,4007676,27.22
SBIN,EQ,7-Feb-17,277.05,277.85,280,276.3,277.6,277.9,278.05,10981984,30535.54,71911,3158033,28.76
SBIN,EQ,8-Feb-17,277.9,278.1,279.25,272.6,278.7,277.2,276.47,13622088,37661.04,80900,4651632,34.15
SBIN,EQ,9-Feb-17,277.2,278.8,280.3,270.85,276.1,275.85,275.19,16080181,44250.94,103265,4702318,29.24
SBIN,EQ,10-Feb-17,275.85,278.75,282.8,275,275.2,276.35,279.51,37580487,105042.77,229689,7610992,20.25
SBIN,EQ,13-Feb-17,276.35,277.8,278.25,270.2,271.5,271.65,272.68,19853043,54134.65,131249,7859215,39.59
SBIN,EQ,14-Feb-17,271.65,272,273,268.1,269.6,270.2,270.61,13306738,36009.76,80457,4723961,35.5
SBIN,EQ,15-Feb-17,270.2,270.95,272.5,267.05,269.3,268.95,269.35,12201568,32865.51,84751,4131482,33.86
SBIN,EQ,16-Feb-17,268.95,277,277,269.65,270.4,270.5,271.89,21794688,59258.6,128472,6441114,29.55
SBIN,EQ,17-Feb-17,270.5,271.15,273.65,267.7,269.5,269.35,269.75,17830528,48097.37,124751,7500497,42.07
SBIN,EQ,20-Feb-17,269.35,269.9,271.55,268,269.5,269.65,269.51,9229363,24874.38,57805,3475091,37.65
SBIN,EQ,21-Feb-17,269.65,270,271.5,268.65,270.75,270.7,270.13,7754157,20946.53,80298,2664456,34.36
SBIN,EQ,22-Feb-17,270.7,271.9,274.7,269.5,271.7,272.3,272.59,12617613,34394.87,112129,4806179,38.09
SBIN,EQ,23-Feb-17,272.3,271.7,273,269.6,270.5,270.45,271.29,13146194,35664.83,84162,7243813,55.1
SBIN,EQ,27-Feb-17,270.45,270.8,271.45,267.6,268.2,268.25,269.02,9645350,25947.92,68463,4606438,47.76
SBIN,EQ,28-Feb-17,268.25,268.9,271.25,268,269,269.2,269.49,7941592,21402.05,65573,2816662,35.47
SBIN,EQ,1-Mar-17,269.2,270,273.3,269.8,271.7,271.75,271.94,7656892,20822.32,58629,2004506,26.18
SBIN,EQ,2-Mar-17,271.75,273,274.7,266.5,267.2,267.3,270.99,14220808,38537.49,80696,4596797,32.32
SBIN,EQ,3-Mar-17,267.3,266.25,268.9,264.25,265.55,265.05,265.78,10120034,26896.95,75478,3907290,38.61
SBIN,EQ,6-Mar-17,265.05,266.6,270.35,266.35,270.2,269.85,268.37,9515073,25535.76,63033,3982426,41.85
SBIN,EQ,7-Mar-17,269.85,270.8,270.9,266.4,267.7,267.8,267.78,11599142,31060.66,65023,6347327,54.72
